DisplayName,UserPrincipalName,MailNickname,GivenName,Surname,Department,JobTitle
Lab User 01,lab.user01@YOURTENANT.onmicrosoft.com,lab.user01,Lab,User01,IT,Lab User
Lab User 02,lab.user02@YOURTENANT.onmicrosoft.com,lab.user02,Lab,User02,IT,Lab User
Lab User 03,lab.user03@YOURTENANT.onmicrosoft.com,lab.user03,Lab,User03,IT,Lab User
Lab User 04,lab.user04@YOURTENANT.onmicrosoft.com,lab.user04,Lab,User04,IT,Lab User
Lab User 05,lab.user05@YOURTENANT.onmicrosoft.com,lab.user05,Lab,User05,IT,Lab User
Lab User 06,lab.user06@YOURTENANT.onmicrosoft.com,lab.user06,Lab,User06,IT,Lab User
Lab User 07,lab.user07@YOURTENANT.onmicrosoft.com,lab.user07,Lab,User07,IT,Lab User
Lab User 08,lab.user08@YOURTENANT.onmicrosoft.com,lab.user08,Lab,User08,IT,Lab User
Lab User 09,lab.user09@YOURTENANT.onmicrosoft.com,lab.user09,Lab,User09,IT,Lab User
Lab User 10,lab.user10@YOURTENANT.onmicrosoft.com,lab.user10,Lab,User10,IT,Lab User
Lab User 11,lab.user11@YOURTENANT.onmicrosoft.com,lab.user11,Lab,User11,IT,Lab User
Lab User 12,lab.user12@YOURTENANT.onmicrosoft.com,lab.user12,Lab,User12,IT,Lab User
Lab User 13,lab.user13@YOURTENANT.onmicrosoft.com,lab.user13,Lab,User13,IT,Lab User
Lab User 14,lab.user14@YOURTENANT.onmicrosoft.com,lab.user14,Lab,User14,IT,Lab User
Lab User 15,lab.user15@YOURTENANT.onmicrosoft.com,lab.user15,Lab,User15,IT,Lab User
Lab User 16,lab.user16@YOURTENANT.onmicrosoft.com,lab.user16,Lab,User16,IT,Lab User
Lab User 17,lab.user17@YOURTENANT.onmicrosoft.com,lab.user17,Lab,User17,IT,Lab User
Lab User 18,lab.user18@YOURTENANT.onmicrosoft.com,lab.user18,Lab,User18,IT,Lab User
Lab User 19,lab.user19@YOURTENANT.onmicrosoft.com,lab.user19,Lab,User19,IT,Lab User
Lab User 20,lab.user20@YOURTENANT.onmicrosoft.com,lab.user20,Lab,User20,IT,Lab User
